Index,Filename
1,IMG_20220825_094332812_HDR.jpg,1
2,IMG_20220825_094401280.jpg,2
3,IMG_20220825_094613810.jpg,3
4,IMG_20220825_094813993_HDR.jpg,4
5,IMG_20220825_095248466_HDR.jpg,5
6,IMG_20220825_095941994_HDR.jpg,6
7,IMG_20220825_100859399_HDR.jpg,7
8,IMG_20220825_101408094_HDR.jpg,8
9,IMG_20220825_101637747_HDR.jpg,9
10,IMG_20220825_102119318.jpg,10
11,IMG_20220825_102329837_HDR.jpg,11
12,IMG_20220825_102336796_HDR.jpg,11
13,IMG_20220825_102529255_HDR.jpg,12
14,IMG_20220825_102840950_HDR.jpg,13
15,IMG_20220825_102957760.jpg,14
16,IMG_20220825_103516665_HDR.jpg,15
17,IMG_20220825_103836189.jpg,16
18,IMG_20220825_103850753_HDR.jpg,17
19,IMG_20220825_104444785_HDR.jpg,18
20,IMG_20220825_105017363_HDR.jpg,19
21,IMG_20220825_105023554_HDR.jpg,19
22,IMG_20220825_105232069_HDR.jpg,20
23,IMG_20220825_105442416_HDR.jpg,21
24,IMG_20220825_105913034_HDR.jpg,22
25,IMG_20220825_105924457_HDR.jpg,22
26,IMG_20220825_105929704_HDR.jpg,22
27,IMG_20220825_110312179.jpg,23
28,IMG_20220825_110316373.jpg,23
29,IMG_20220825_110322290.jpg,23
30,IMG_20220825_110413399.jpg,24
31,IMG_20220825_110629487.jpg,25
32,IMG_20220825_110848663_HDR.jpg,26
33,IMG_20220825_111215024.jpg,27
34,IMG_20220825_111220067_MP.jpg,27
35,IMG_20220825_111238384.jpg,27
36,IMG_20220825_111243383.jpg,27
37,IMG_20220825_111814174.jpg,28
38,IMG_20220825_112144746_HDR.jpg,29
39,IMG_20220825_112523220_HDR.jpg,30
40,IMG_20220825_113054429_HDR.jpg,31
41,IMG_20220825_113231023_HDR.jpg,32
42,IMG_20220825_113812131_HDR.jpg,33
43,IMG_20220825_114446433.jpg,34
44,IMG_20220825_115051061_HDR.jpg,35
45,IMG_20220825_115455921.jpg,36
46,IMG_20220825_120213276_HDR.jpg,37
47,IMG_20220825_120542523_HDR.jpg,38
48,IMG_20220825_120744945_HDR.jpg,39
49,IMG_20220825_121034963.jpg,40
50,IMG_20220825_121037842.jpg,40
51,IMG_20220825_121039093.jpg,40
52,IMG_20220825_121044791.jpg,40
53,IMG_20220825_121048825.jpg,40
54,IMG_20220825_121308501.jpg,41
55,IMG_20220825_121514907_HDR.jpg,48
56,IMG_20220825_121517199_HDR.jpg,48
57,IMG_20220825_121525548_HDR.jpg,48
58,IMG_20220825_121740406.jpg,49
59,IMG_20220825_121742810.jpg,49
60,IMG_20220825_121750367.jpg,49
61,IMG_20220825_121754686_MP.jpg,49
62,IMG_20220825_121914270.jpg,50
63,IMG_20220825_122133329_HDR.jpg,51**/
64,IMG_20220825_122258307.jpg,52/**
65,IMG_20220825_122304324.jpg,52
66,IMG_20220825_122307097.jpg,52
67,IMG_20220825_122316390_MP.jpg,52
68,IMG_20220825_122320881.jpg,52
69,IMG_20220825_122445881.jpg,53
70,IMG_20220825_122449615_HDR.jpg,53
71,IMG_20220825_122504917_HDR.jpg,53
72,IMG_20220825_122508806_HDR.jpg,53
73,IMG_20220825_122512190_HDR.jpg,53
74,IMG_20220825_122558006.jpg,54
75,IMG_20220825_122600109.jpg,54
76,IMG_20220825_122605289.jpg,54
77,IMG_20220825_122608370_MP.jpg,54
78,IMG_20220825_122737003.jpg,55
79,IMG_20220825_122903161.jpg,56
80,IMG_20220825_122905659.jpg,56**/
81,IMG_20220825_123002079.jpg,57/**
82,IMG_20220825_123005589.jpg,57
83,IMG_20220825_123011426.jpg,57
84,IMG_20220825_123015051.jpg,57
85,IMG_20220825_123141084.jpg,58
86,IMG_20220825_123143484.jpg,58
87,IMG_20220825_123237706.jpg,59
88,IMG_20220825_123240313.jpg,59
89,IMG_20220825_123245126.jpg,59
90,IMG_20220825_123249137.jpg,59
91,IMG_20220825_123444862.jpg,60
92,IMG_20220825_123448872.jpg,60
93,IMG_20220825_123454506.jpg,60
94,IMG_20220825_123714284.jpg,61
95,IMG_20220825_123717220.jpg,61
96,IMG_20220825_123719517.jpg,61
97,IMG_20220825_123724107_MP.jpg,61
98,IMG_20220825_123727032_MP.jpg,61
99,IMG_20220825_123729549_MP.jpg,61
100,IMG_20220825_123734549_MP.jpg,61
101,IMG_20220825_123737441_MP.jpg,61
102,IMG_20220825_123740357_MP.jpg,61
103,IMG_20220825_124110277.jpg,62
104,IMG_20220825_124112100_MP.jpg,62
105,IMG_20220825_124333412_HDR.jpg
106,IMG_20220825_124857773_HDR.jpg
107,IMG_20220825_125204265_HDR.jpg
108,IMG_20220825_125206959_MP.jpg
109,IMG_20220825_125534200.jpg
110,IMG_20220825_125537717_MP.jpg
111,IMG_20220825_125736242_HDR.jpg
112,IMG_20220825_125935541.jpg
113,IMG_20220825_125938581.jpg
114,IMG_20220825_130158607.jpg
115,IMG_20220825_130200557.jpg
116,IMG_20220825_130254459.jpg
117,IMG_20220825_130258345_HDR.jpg
118,IMG_20220825_130304802_HDR.jpg
119,IMG_20220825_130309816_HDR.jpg
120,IMG_20220825_130433145_HDR.jpg
121,IMG_20220825_130436410_HDR.jpg
122,IMG_20220825_130609206.jpg
123,IMG_20220825_130612004.jpg
124,IMG_20220825_130939642.jpg
125,IMG_20220825_130941377.jpg
126,IMG_20220825_151337836.jpg
127,IMG_20220825_151510603.jpg
128,IMG_20220825_151738901_HDR.jpg
129,IMG_20220825_151742828_HDR.jpg
130,IMG_20220825_152006641.jpg
131,IMG_20220825_152010413_HDR.jpg
132,IMG_20220825_152016218_HDR.jpg
133,IMG_20220825_152021699_HDR.jpg
134,IMG_20220825_152135035_HDR.jpg
135,IMG_20220825_152146500_HDR.jpg
136,IMG_20220825_152151677_HDR.jpg
137,IMG_20220825_152155230_HDR.jpg
138,IMG_20220825_152503779_HDR.jpg
139,IMG_20220825_152506990_HDR.jpg
140,IMG_20220825_152512039_HDR.jpg
141,IMG_20220825_152515196_HDR.jpg
142,IMG_20220825_152726999.jpg
143,IMG_20220825_152731596.jpg
144,IMG_20220825_152928362.jpg
145,IMG_20220825_152931283.jpg
146,IMG_20220825_153349770_HDR.jpg
147,IMG_20220825_153724723.jpg
148,IMG_20220825_153726974_HDR.jpg
149,IMG_20220825_153928249.jpg
150,IMG_20220825_153931477.jpg
151,IMG_20220825_154423650.jpg
152,IMG_20220825_154425668.jpg
153,IMG_20220825_154616192.jpg
154,IMG_20220825_154618329.jpg
155,IMG_20220825_154902287.jpg
156,IMG_20220825_155126690_HDR.jpg
157,IMG_20220825_155541392.jpg
158,IMG_20220825_155740761.jpg
159,IMG_20220825_155901612.jpg
160,IMG_20220825_160040611.jpg
161,IMG_20220825_160316939_HDR.jpg
162,IMG_20220825_160600407_HDR.jpg
163,IMG_20220825_160846323_HDR.jpg
164,IMG_20220825_161140910_HDR.jpg
165,IMG_20220825_161323612_HDR.jpg
166,IMG_20220825_161554793_HDR.jpg
167,IMG_20220825_161648681_HDR.jpg
168,IMG_20220825_161938711.jpg
169,IMG_20220825_162441442_HDR.jpg
170,IMG_20220825_162604120_HDR.jpg
171,IMG_20220825_162731261_HDR.jpg
172,IMG_20220825_163114585.jpg
173,IMG_20220825_163310174_HDR.jpg
174,IMG_20220825_163545109.jpg
175,IMG_20220825_163710188.jpg
176,IMG_20220825_163833310.jpg
177,IMG_20220825_163920684.jpg, 180
178,IMG_20220825_163940921.jpg, 180
179,IMG_20220825_163945264.jpg, 180
180,IMG_20220825_163948885.jpg, 180
181,IMG_20220825_164051132.jpg
182,IMG_20220825_164320460.jpg
183,IMG_20220825_164754442.jpg
184,IMG_20220825_165020653_HDR.jpg
185,IMG_20220825_165208748_HDR.jpg
186,IMG_20220825_165407947_HDR.jpg
187,IMG_20220825_165502102.jpg
188,IMG_20220825_165732004.jpg
189,IMG_20220825_170136791_HDR.jpg
190,IMG_20220825_170357236_HDR.jpg
191,IMG_20220825_170513877_HDR.jpg
192,IMG_20220825_170641042.jpg
193,IMG_20220825_170831953.jpg
